{"\u6b63\u80fd\u91cf\u7ec4": [0.30672118776392315, -0.08048139536162607, -0.042476088373892815, -0.054523293603454585, 0.0020194587867933393, 0.05488464366776458, -0.007170177721470629, -0.05089967414663528, 0.1890654477076934, 1.3991482093041005e-16], "\u5bb3\u6015\u7ec4": [-0.1446163369247512, -0.05611133195468105, -0.2151903813840205, -0.03885825401785845, -0.15599995173663433, -0.17590803019957843, -0.06946035502162648, -0.04142311179208227, 0.007882152161811855, 1.3991482093041017e-16], "\u8352\u8bde\u7ec4": [-0.1732471525696761, -0.0523851340126076, -0.07291919025086804, 0.10429354407451367, -0.035236286725769166, 0.2301345650366215, 0.03640285377859997, -0.13037554142856092, -0.03852066326502517, 1.3991482093041012e-16], "\u70c2\u7247\u7ec4": [-0.16416711205297213, -0.2078656305443599, 0.1155839767658871, -0.14402780899016643, 0.20122026390985023, -0.04834996452275937, -0.033315046578861654, -0.035141546271046695, -0.015187378426363437, 1.3991482093041005e-16], "\u8d1f\u80fd\u91cf\u7ec4": [0.29129033042608304, -0.11827992950009696, -0.04471023379959431, -0.01470422983676605, -0.027576266265010935, 0.00837043222095249, 0.03680416931900748, 0.06712539566925016, -0.18853102003309188, 1.3991482093040997e-16], "\u641e\u7b11\u7ec4": [-0.15123361436040114, -0.06311817558833009, 0.007264540338214832, 0.07261688844649443, -0.03232686813852898, 0.04094353457338931, 0.07192664321596938, 0.24239162035497414, 0.07627145951434446, 1.3991482093041005e-16], "\u601d\u8003\u7ec4": [-0.030496482128121255, 0.17032932532612924, 0.10829429359711157, -0.13822356551870277, -0.07650229302136143, -0.04691219980197765, 0.22295635103018177, -0.05395771678651718, -0.0032568832567454633, 1.3991482093041032e-16], "\u7ecf\u5178\u7ec4": [0.0426163010693634, -0.0007809453388850269, 0.2508497199089851, 0.2003610572845375, -0.09346371073732844, -0.08140494073962051, -0.09520125680825145, -0.04752361335484347, 0.0010485942144459336, 1.3991482093041022e-16], "\u52b1\u5fd7\u7ec4": [0.03748104887319012, 0.18079366144583806, -0.1262989330205475, 0.1587259936971722, 0.22515102506497447, -0.08270821352470825, 0.032167183502143044, -0.010333678448380706, -0.0023560925570045, 1.3991482093041022e-16], "\u60c5\u7eea\u7ec4": [-0.014348170096637703, 0.22789955552861832, 0.019602296218724436, -0.14566033153576924, -0.007285371136984429, 0.10095017328991635, -0.19511036471569132, 0.06013786620384235, -0.02641561606006512, 1.399148209304104e-16]}